abbreviation	name	Neutral formula	Charged formula	Charge	Compartment	KEGG ID	PubChem ID	ChEBI ID	InChI String	SMILES	Notes
C00001	H2O	H2O	H2O	0	c						
C00001[e]	H2O	H2O	H2O	0	e						
C00002	ATP	C10H13N5O13P3	C10H13N5O13P3	-3	c						
C00003	NAD	C21H26N7O14P2	C21H26N7O14P2	-1	c						
C00004	NADH	C21H27N7O14P2	C21H27N7O14P2	-2	c						
C00005	NADPH	C21H27N7O17P3	C21H27N7O17P3	-3	c						
C00006	NADP	C21H26N7O17P3	C21H26N7O17P3	-2	c						
C00008	ADP	C10H13N5O10P2	C10H13N5O10P2	-2	c						
C00009	Phosphate	HO4P	HO4P	-2	c						
C00009[e]	Phosphate	HO4P	HO4P	-2	e						
C00010	CoA	C21H33N7O16P3S	C21H33N7O16P3S	-3	c						
C00011	CO2	CO2	CO2	0	c						
C00011[e]	CO2	CO2	CO2	0	e						
C00013	PPi	H2O7P2	H2O7P2	-2	c						
C00014	Ammonium	H4N	H4N	1	c						
C00014[e]	Ammonium	H4N	H4N	1	e						
C00015	UDP	C9H12N2O12P2	C9H12N2O12P2	-2	c						
C00016	FAD	C27H31N9O15P2	C27H31N9O15P2	-2	c						
C00019	S-Adenosyl-L-methionine	C15H23N6O5S	C15H23N6O5S	1	c						
C00020	AMP	C10H13N5O7P	C10H13N5O7P	-1	c						
C00021	S-Adenosyl-homocysteine	C14H20N6O5S	C14H20N6O5S	0	c						
C00022	Pyruvate	C3H3O3	C3H3O3	-1	c						
C00024	Acetyl-CoA	C23H35N7O17P3S	C23H35N7O17P3S	-3	c						
C00025	L-Glutamate	C5H8NO4	C5H8NO4	-1	c						
C00025[e]	L-Glutamate	C5H8NO4	C5H8NO4	-1	e						
C00026	2-Oxoglutarate	C5H4O5	C5H4O5	-2	c						
C00029	UDP-glucose	C15H22N2O17P2	C15H22N2O17P2	-2	c						
C00031	D-Glucose	C6H12O6	C6H12O6	0	c						
C00031[e]	D-Glucose	C6H12O6	C6H12O6	0	e						
C00033	Acetate	C2H3O2	C2H3O2	-1	c						
C00034	Mn2+	Mn	Mn	2	c						
C00034[e]	Mn2+	Mn	Mn	2	e						
C00035	GDP	C10H13N5O11P2	C10H13N5O11P2	-2	c						
C00036	Oxaloacetate	C4H2O5	C4H2O5	-2	c						
C00037	Glycine	C2H5NO2	C2H5NO2	0	c						
C00037[e]	Glycine	C2H5NO2	C2H5NO2	0	e						
C00041	L-Alanine	C3H7NO2	C3H7NO2	0	c						
C00041[e]	L-Alanine	C3H7NO2	C3H7NO2	0	e						
C00042	Succinate	C4H4O4	C4H4O4	-2	c						
C00042[e]	Succinate	C4H4O4	C4H4O4	-2	e						
C00043	UDP-N-acetylglucosamine	C17H25N3O17P2	C17H25N3O17P2	-2	c						
C00044	GTP	C10H13N5O14P3	C10H13N5O14P3	-3	c						
C00047	L-Lysine	C6H15N2O2	C6H15N2O2	1	c						
C00047[e]	L-Lysine	C6H15N2O2	C6H15N2O2	1	e						
C00049	L-Aspartate	C4H6NO4	C4H6NO4	-1	c						
C00049[e]	L-Aspartate	C4H6NO4	C4H6NO4	-1	e						
C00051	GSH	C10H16N3O6S	C10H16N3O6S	-1	c						
C00052	UDP-galactose	C15H22N2O17P2	C15H22N2O17P2	-2	c						
C00054	Adenosine 3-5-bisphosphate	C10H13N5O10P2	C10H13N5O10P2	-2	c						
C00055	CMP	C9H13N3O8P	C9H13N3O8P	-1	c						
C00058	Formate	CHO2	CHO2	-1	c						
C00061	FMN	C17H20N4O9P	C17H20N4O9P	-1	c						
C00062	L-Arginine	C6H15N4O2	C6H15N4O2	1	c						
C00062[e]	L-Arginine	C6H15N4O2	C6H15N4O2	1	e						
C00063	CTP	C9H13N3O14P3	C9H13N3O14P3	-3	c						
C00064	L-Glutamine	C5H10N2O3	C5H10N2O3	0	c						
C00064[e]	L-Glutamine	C5H10N2O3	C5H10N2O3	0	e						
C00065	L-Serine	C3H7NO3	C3H7NO3	0	c						
C00065[e]	L-Serine	C3H7NO3	C3H7NO3	0	e						
C00068	TPP	C12H17N4O7P2S	C12H17N4O7P2S	-1	c						
C00072	L-Ascorbate	C6H7O6	C6H7O6	-1	c						
C00072[e]	L-Ascorbate	C6H7O6	C6H7O6	-1	e						
C00073	L-Methionine	C5H11NO2S	C5H11NO2S	0	c						
C00073[e]	L-Methionine	C5H11NO2S	C5H11NO2S	0	e						
C00074	Phosphoenolpyruvate	C3H3O6P	C3H3O6P	-2	c						
C00075	UTP	C9H12N2O15P3	C9H12N2O15P3	-3	c						
C00077	Ornithine	C5H13N2O2	C5H13N2O2	1	c						
C00078	L-Tryptophan	C11H12N2O2	C11H12N2O2	0	c						
C00078[e]	L-Tryptophan	C11H12N2O2	C11H12N2O2	0	e						
C00079	L-Phenylalanine	C9H11NO2	C9H11NO2	0	c						
C00079[e]	L-Phenylalanine	C9H11NO2	C9H11NO2	0	e						
C00080	H+	H	H	1	c						
C00080[e]	H+	H	H	1	e						
C00082	L-Tyrosine	C9H11NO3	C9H11NO3	0	c						
C00082[e]	L-Tyrosine	C9H11NO3	C9H11NO3	0	e						
C00083	Malonyl-CoA	C24H34N7O19P3S	C24H34N7O19P3S	-4	c						
C00084	Acetaldehyde	C2H4O	C2H4O	0	c						
C00085	D-fructose-6-phosphate	C6H12O9P	C6H12O9P	-1	c						
C00089	Sucrose	C12H22O11	C12H22O11	0	c						
C00089[e]	Sucrose	C12H22O11	C12H22O11	0	e						
C00091	Succinyl-CoA	C25H36N7O19P3S	C25H36N7O19P3S	-4	c						
C00092	D-glucose-6-phosphate	C6H12O9P	C6H12O9P	-1	c						
C00093	Glycerol-3-phosphate	C3H8O6P	C3H8O6P	-1	c						
C00095	D-Fructose	C6H12O6	C6H12O6	0	c						
C00095[e]	D-Fructose	C6H12O6	C6H12O6	0	c						
C00097	L-Cysteine	C3H7NO2S	C3H7NO2S	0	c						
C00097[e]	L-Cysteine	C3H7NO2S	C3H7NO2S	0	e						
C00100	Propionyl-CoA	C24H37N7O17P3S	C24H37N7O17P3S	-3	c						
C00101	Tetrahydrofolate	C19H21N7O6	C19H21N7O6	-2	c						
C00103	Glucose-1-phosphate	C6H12O9P	C6H12O9P	-1	c						
C00105	UMP	C9H12N2O9P	C9H12N2O9P	-1	c						
C00106	Uracil	C4H4N2O2	C4H4N2O2	0	c						
C00106[e]	Uracil	C4H4N2O2	C4H4N2O2	0	e						
C00108	Anthranilate	C7H6NO2	C7H6NO2	-1	c						
C00109	2-Oxobutyrate	C4H5O3	C4H5O3	-1	c						
C00111	Glycerone-phosphate	C3H6O6P	C3H6O6P	-1	c						
C00112	CDP	C9H13N3O11P2	C9H13N3O11P2	-2	c						
C00116	Glycerol	C3H8O3	C3H8O3	0	c						
C00117	ribose-5-phosphate	C5H10O8P	C5H10O8P	-1	c						
C00118	Glyceraldehyde3-phosphate	C3H6O6P	C3H6O6P	-1	c						
C00119	PRPP	C5H10O14P3	C5H10O14P3	-3	c						
C00120	BIOT	C10H15N2O3S	C10H15N2O3S	-1	c						
C00120[e]	BIOT	C10H15N2O3S	C10H15N2O3S	-1	e						
C00122	Fumarate	C4H2O4	C4H2O4	-2	c						
C00123	L-Leucine	C6H13NO2	C6H13NO2	0	c						
C00123[e]	L-Leucine	C6H13NO2	C6H13NO2	0	e						
C00124	Galactose	C6H12O6	C6H12O6	0	c						
C00127	Oxidized glutathione	C20H30N6O12S2	C20H30N6O12S2	-2	c						
C00127[e]	Oxidized glutathione	C20H30N6O12S2	C20H30N6O12S2	-2	e						
C00129	Isopentenyldiphosphate	C5H10O7P2	C5H10O7P2	-2	c						
C00130	IMP	C10H12N4O8P	C10H12N4O8P	-1	c						
C00131	dATP	C10H13N5O12P3	C10H13N5O12P3	-3	c						
C00133	D-Alanine	C3H7NO2	C3H7NO2	0	c						
C00135	L-Histidine	C6H9N3O2	C6H9N3O2	0	c						
C00135[e]	L-Histidine	C6H9N3O2	C6H9N3O2	0	e						
C00137	L-Inositol	C6H12O6	C6H12O6	0	c						
C00141	3-Methyl-2-oxobutanoate	C5H7O3	C5H7O3	-1	c						
C00143	5-10-Methylenetetrahydrofolate	C20H21N7O6	C20H21N7O6	-2	c						
C00144	GMP	C10H13N5O8P	C10H13N5O8P	-1	c						
C00147	Adenine	C5H5N5	C5H5N5	0	c						
C00148	L-Proline	C5H8NO2	C5H8NO2	-1	c						
C00148[e]	L-Proline	C5H8NO2	C5H8NO2	-1	e						
C00152	L-Asparagine	C4H8N2O3	C4H8N2O3	0	c						
C00152[e]	L-Asparagine	C4H8N2O3	C4H8N2O3	0	e						
C00153	Nicotinamide	C6H6N2O	C6H6N2O	0	c						
C00153[e]	Nicotinamide	C6H6N2O	C6H6N2O	0	e						
C00155	Homocysteine	C4H9NO2S	C4H9NO2S	0	c						
C00158	Citrate	C6H5O7	C6H5O7	-3	c						
C00159	D-Mannose	C6H12O6	C6H12O6	0	c						
C00159[e]	D-Mannose	C6H12O6	C6H12O6	0	e						
C00166	Phenylpyruvate	C9H7O3	C9H7O3	-1	c						
C00169	Carbamoylphosphate	CH3NO5P	CH3NO5P	-1	c						
C00183	L-Valine	C5H11NO2	C5H11NO2	0	c						
C00183[e]	L-Valine	C5H11NO2	C5H11NO2	0	e						
C00184	Glycerone	C3H6O3	C3H6O3	0	c						
C00185	CELB	C12H22O11	C12H22O11	0	c						
C00185[e]	CELB	C12H22O11	C12H22O11	0	e						
C00186	L-Lactate	C3H5O3	C3H5O3	-1	c						
C00188	L-Threonine	C4H9NO3	C4H9NO3	0	c						
C00188[e]	L-Threonine	C4H9NO3	C4H9NO3	0	e						
C00197	3-Phosphoglycerate	C3H5O7P	C3H5O7P	-2	c						
C00199	D-Ribulose5-phosphate	C5H10O8P	C5H10O8P	-1	c						
C00206	dADP	C10H13N5O9P2	C10H13N5O9P2	-2	c						
C00208	Maltose	C12H22O11	C12H22O11	0	c						
C00208[e]	Maltose	C12H22O11	C12H22O11	0	e						
C00212	Adenosine	C10H13N5O4	C10H13N5O4	0	c						
C00214	Thymidine	C10H14N2O5	C10H14N2O5	0	c						
C00214[e]	Thymidine	C10H14N2O5	C10H14N2O5	0	e						
C00217	D-Glutamate	C5H8NO4	C5H8NO4	-1	c						
C00227	Acetylphosphate	C2H4O5P	C2H4O5P	-1	c						
C00231	D-Xylulose5-phosphate	C5H10O8P	C5H10O8P	-1	c						
C00233	4MOP	C6H9O3	C6H9O3	-1	c						
C00234	10-Formyltetrahydrofolate	C20H21N7O7	C20H21N7O7	-2	c						
C00235	DMAPP	C5H10O7P2	C5H10O7P2	-2	c						
C00236	1,3-Bisphospho-D-glycerate	C3H6O10P2	C3H6O10P2	-2	c						
C00239	dCMP	C9H13N3O7P	C9H13N3O7P	-1	c						
C00239[e]	dCMP	C9H13N3O7P	C9H13N3O7P	-1	e						
C00242	Guanine	C5H5N5O	C5H5N5O	0	c						
C00243	LACT	C12H22O11	C12H22O11	0	c						
C00243[e]	LACT	C12H22O11	C12H22O11	0	e						
C00251	Chorismate	C10H8O6	C10H8O6	-2	c						
C00253	Niacin	C6H4NO2	C6H4NO2	-1	c						
C00253[e]	Niacin	C6H4NO2	C6H4NO2	-1	e						
C00254	Prephenate	C10H8O6	C10H8O6	-2	c						
C00255	Riboflavin	C17H20N4O6	C17H20N4O6	0	c						
C00255[e]	Riboflavin	C17H20N4O6	C17H20N4O6	0	e						
C00262	HYXN	C5H4N4O	C5H4N4O	0	c						
C00263	L-Homoserine	C4H9NO3	C4H9NO3	0	c						
C00266	Glycolaldehyde	C2H4O2	C2H4O2	0	c						
C00275	D-mannose-6-phosphate	C6H12O9P	C6H12O9P	-1	c						
C00279	D-Erythrose4-phosphate	C4H8O7P	C4H8O7P	-1	c						
C05382	Sedoheptulose7-phosphate	C7H14O10P	C7H14O10P	-1	c						
C00283	H2S	H2S	H2S	0	c						
C00283[e]	H2S	H2S	H2S	0	e						
C00286	dGTP	C10H13N5O13P3	C10H13N5O13P3	-3	c						
C00288	H2CO3	CHO3	CHO3	-1	c						
C00288[e]	H2CO3	CHO3	CHO3	-1	e						
C00294	Inosine	C10H12N4O5	C10H12N4O5	0	c						
C00295	Orotate	C5H3N2O4	C5H3N2O4	-1	c						
C00299	Uridine	C9H12N2O6	C9H12N2O6	0	c						
C00305	Mg	Mg	Mg	2	c						
C00305[e]	Mg	Mg	Mg	2	e						
C00311	Isocitrate	C6H5O7	C6H5O7	-3	c						
C00327	Citrulline	C6H13N3O3	C6H13N3O3	0	c						
C00330	Deoxyguanosine	C10H13N5O4	C10H13N5O4	0	c						
C00330[e]	Deoxyguanosine	C10H13N5O4	C10H13N5O4	0	e						
C00332	Acetoacetyl-CoA	C25H37N7O18P3S	C25H37N7O18P3S	-3	c						
C00337	S-Dihydroorotate	C5H5N2O4	C5H5N2O4	-1	c						
C00341	Geranyldiphosphate	C10H18O7P2	C10H18O7P2	-2	c						
C17556	Undecaprenylphosphate	C55H90O4P	C55H90O4P	-1	c						
C00352	D-Glucosamine phosphate	C6H14NO8P	C6H14NO8P	0	c						
C00353	Geranylgeranyl diphosphate	C20H34O7P2	C20H34O7P2	-2	c						
C00354	D-fructose-1,6-bisphosphate	C6H12O12P2	C6H12O12P2	-2	c						
C00356	HMG-CoA	C27H40N7O20P3S	C27H40N7O20P3S	-4	c						
C00360	dAMP	C10H13N5O6P	C10H13N5O6P	-1	c						
C00360[e]	dAMP	C10H13N5O6P	C10H13N5O6P	-1	e						
C00361	dGDP	C10H13N5O10P2	C10H13N5O10P2	-2	c						
C00362	dGMP	C10H13N5O7P	C10H13N5O7P	-1	c						
C00362[e]	dGMP	C10H13N5O7P	C10H13N5O7P	-1	e						
C00363	dTDP	C10H14N2O11P2	C10H14N2O11P2	-2	c						
C00364	dTMP	C10H14N2O8P	C10H14N2O8P	-1	c						
C00365	dUMP	C9H12N2O8P	C9H12N2O8P	-1	c						
C00378	Thiamin	C12H17N4OS	C12H17N4OS	1	c						
C00378[e]	Thiamin	C12H17N4OS	C12H17N4OS	1	e						
C00380	Cytosine	C4H5N3O	C4H5N3O	0	c						
C00380[e]	Cytosine	C4H5N3O	C4H5N3O	0	e						
C00385	XAN	C5H4N4O2	C5H4N4O2	0	c						
C00387	Guanosine	C10H13N5O5	C10H13N5O5	0	c						
C00387[e]	Guanosine	C10H13N5O5	C10H13N5O5	0	e						
C00392	D-Mannitol	C6H14O6	C6H14O6	0	c						
C00392[e]	D-Mannitol	C6H14O6	C6H14O6	0	e						
C00402	D-Aspartate	C4H6NO4	C4H6NO4	-1	c						
C00407	L-Isoleucine	C6H13NO2	C6H13NO2	0	c						
C00407[e]	L-Isoleucine	C6H13NO2	C6H13NO2	0	e						
C00415	Dihydrofolate	C19H19N7O6	C19H19N7O6	-2	c						
C00417	cis-Aconitate	C6H3O6	C6H3O6	-3	c						
C00418	Mevalonic acid	C6H11O4	C6H11O4	-1	c						
C00437	N-Acetylornithine	C7H14N2O3	C7H14N2O3	0	c						
C00438	N-Carbamoyl-L-aspartate	C5H6N2O5	C5H6N2O5	-2	c						
C00440	5-Methyltetrahydrofolate	C20H23N7O6	C20H23N7O6	-2	c						
C00441	L-Aspartate4-semialdehyde	C4H7NO3	C4H7NO3	0	c						
C00445	5-10-Methenyltetrahydrofolate	C20H20N7O6	C20H20N7O6	-1	c						
C00446	D-Galactose 1-phosphate	C6H12O9P	C6H12O9P	-1	c						
C00448	Farnesyldiphosphate	C15H26O7P2	C15H26O7P2	-2	c						
C00455	Nicotinamide ribonucleotide	C11H15N2O8P	C11H15N2O8P	0	c						
C00458	dCTP	C9H13N3O13P3	C9H13N3O13P3	-3	c						
C00459	TTP	C10H14N2O14P3	C10H14N2O14P3	-3	c						
C00460	dUTP	C9H12N2O14P3	C9H12N2O14P3	-3	c						
C00463	indol	C8H7N	C8H7N	0	c						
C00810	ACTN	C4H8O2	C4H8O2	0	c						
C00475	Cytidine	C9H13N3O5	C9H13N3O5	0	c						
C00492	Melitose	C18H32O16	C18H32O16	0	c						
C00493	Shikimate	C7H9O5	C7H9O5	-1	c						
C00498	ADPglucose	C16H23N5O15P2	C16H23N5O15P2	-2	c						
C00504	Folate	C19H17N7O6	C19H17N7O6	-2	c						
C00504[e]	Folate	C19H17N7O6	C19H17N7O6	-2	e						
C00526	Deoxyuridine	C9H12N2O5	C9H12N2O5	0	c						
C00530	Quinol	C6H6O2	C6H6O2	0	c						
C00530[e]	Quinol	C6H6O2	C6H6O2	0	e						
C02291	Cystathionine	C7H14N2O4S	C7H14N2O4S	0	c						
C00559	Deoxyadenosine	C10H13N5O3	C10H13N5O3	0	c						
C00577	D-Glyceraldehyde	C3H6O3	C3H6O3	0	c						
C00620	Ribose 1-phosphate	C5H10O8P	C5H10O8P	-1	c						
C00624	N-Acetyl-L-glutamate	C7H9NO5	C7H9NO5	-2	c						
C00631	2-Phospho-D-glycerate	C3H5O7P	C3H5O7P	-2	c						
C00644	D-mannitol-1-phosphate	C6H14O9P	C6H14O9P	-1	c						
C00655	XMP	C10H12N4O9P	C10H12N4O9P	-1	c						
C06006	2-Aceto-2-hydroxybutanoate	C6H9O4	C6H9O4	-1	c						
C00666	LL-2,6-Diaminopimelate	C7H14N2O4	C7H14N2O4	0	c						
C00669	gamma-Glutamylcysteine	C8H13N2O5S	C8H13N2O5S	-1	c						
C00671	3MOP	C6H9O3	C6H9O3	-1	c						
C00672	deoxyribose-1-phosphate	C5H10O7P	C5H10O7P	-1	c						
C00673	deoxyribose-5-phosphate	C5H10O7P	C5H10O7P	-1	c						
C00680	meso-2,6-Diaminopimelate	C7H14N2O4	C7H14N2O4	0	c						
C11907	dTDP-4-oxo-6-deoxy-D-glucose	C16H22N2O15P2	C16H22N2O15P2	-2	c						
C00688	dTDP-4-oxo-L-rhamnose	C16H22N2O15P2	C16H22N2O15P2	-2	c						
C00689	Trehalose 6-phosphate	C12H22O14P	C12H22O14P	-1	c						
C00692	UDP-N-acetylmuramoyl-L-alanyl-D-glutamate	C28H39N5O23P2	C28H39N5O23P2	-4	c						
C00700	XTP	C10H12N4O15P3	C10H12N4O15P3	-3	c						
C00700[e]	XTP	C10H12N4O15P3	C10H12N4O15P3	-3	e						
C00705	dCDP	C9H13N3O10P2	C9H13N3O10P2	-2	c						
C00741	DTYL	C4H6O2	C4H6O2	0	c						
C00794	Sorbitol	C6H14O6	C6H14O6	0	c						
C00794[e]	Sorbitol	C6H14O6	C6H14O6	0	e						
C00842	dTDPglucose	C16H24N2O16P2	C16H24N2O16P2	-2	c						
C00857	Deamido-NAD	C21H24N6O15P2	C21H24N6O15P2	-2	c						
C00860	L-Histidinol	C6H12N3O	C6H12N3O	1	c						
C00864	PAN	C9H16NO5	C9H16NO5	-1	c						
C00864[e]	PAN	C9H16NO5	C9H16NO5	-1	e						
C00881	Deoxycytidine	C9H13N3O4	C9H13N3O4	0	c						
C00881[e]	Deoxycytidine	C9H13N3O4	C9H13N3O4	0	e						
C00882	Dephospho-CoA	C21H33N7O13P2S	C21H33N7O13P2S	-2	c						
C06010	ALCTT	C5H7O4	C5H7O4	-1	c						
C00921	Dihydropteroate	C14H13N6O3	C14H13N6O3	-1	c						
C00944	5-Dehydroquinate	C7H9O6	C7H9O6	-1	c						
C00979	O-Acetyl-L-serine	C5H9NO4	C5H9NO4	0	c						
C00993	Ala-Ala	C6H12N2O3	C6H12N2O3	0	c						
C01005	phosphoserine	C3H7NO6P	C3H7NO6P	-1	c						
C01050	UDP-MurNAc	C20H28N3O19P2	C20H28N3O19P2	-3	c						
C01081	Thiamine phosphate	C12H17N4O4PS	C12H17N4O4PS	0	c						
C01083	TRHL	C12H22O11	C12H22O11	0	c						
C01083[e]	TRHL	C12H22O11	C12H22O11	0	e						
C01094	D-fructose-1-phosphate	C6H12O9P	C6H12O9P	-1	c						
C01096	Sorbitol 6-phosphate	C6H14O9P	C6H14O9P	-1	c						
C01097	D-Tagatose 6-phosphate	C6H12O9P	C6H12O9P	-1	c						
C01100	L-histidinol-phosphate	C6H12N3O4P	C6H12N3O4P	0	c						
C01101	L-ribulose-5-phosphate	C5H10O8P	C5H10O8P	-1	c						
C01102	O-Phospho-L-homoserine	C4H9NO6P	C4H9NO6P	-1	c						
C01103	Orotidylic acid	C10H11N2O11P	C10H11N2O11P	-2	c						
C01107	5-phosphomevalonate	C6H11O7P	C6H11O7P	-2	c						
C01113	6-Phospho-D-galactose	C6H12O9P	C6H12O9P	-1	c						
C01118	O-Succinyl-L-homoserine	C8H12NO6	C8H12NO6	-1	c						
C01134	Phosphopantetheine	C11H22N2O7PS	C11H22N2O7PS	-1	c						
C01143	5-diphosphomevalonate	C6H11O10P2	C6H11O10P2	-3	c						
C01165	L-Glutamate5-semialdehyde	C5H9NO3	C5H9NO3	0	c						
C01170	UDP-N-acetyl-D-mannosamine	C17H25N3O17P2	C17H25N3O17P2	-2	c						
C01179	p-hydroxyphenylpyruvate	C9H7O4	C9H7O4	-1	c						
C01185	Nicotinate ribonucleotide	C11H13NO9P	C11H13NO9P	-1	c						
C01212	UDP-N-acetylmuramoyl-L-alanine	C23H33N4O20P2	C23H33N4O20P2	-3	c						
C01250	2-Acetamido-5-oxopentanoate	C7H10NO4	C7H10NO4	-1	c						
C01267	imidazole acetol-phosphate	C6H8N2O5P	C6H8N2O5P	-1	c						
C01269	5-O--1-Carboxyvinyl-3-phosphoshikimate	C10H10O10P	C10H10O10P	-3	c						
C01300	6-hydroxymethyl dihydropterin	C7H9N5O2	C7H9N5O2	0	c						
C01302	1-(2-carboxyphenylamino)-1-deoxyribulose 5-phosphate	C12H14NO9P	C12H14NO9P	-2	c						
C01346	dUDP	C9H12N2O11P2	C9H12N2O11P2	-2	c						
C01451	Salicin	C13H18O7	C13H18O7	0	c						
C01451[e]	Salicin	C13H18O7	C13H18O7	0	e						
C01571	Decanoate	C10H19O2	C10H19O2	-1	c						
C01613	Stachyose	C24H42O21	C24H42O21	0	c						
C01613[e]	Stachyose	C24H42O21	C24H42O21	0	e						
C01762	Xanthosine	C10H12N4O6	C10H12N4O6	0	c						
C01762[e]	Xanthosine	C10H12N4O6	C10H12N4O6	0	e						
C01769	(S)-Acetoin	C4H8O2	C4H8O2	0	c						
C01929	L-Histidinal	C6H10N3O	C6H10N3O	1	c						
C17558	Undecaprenol	C55H90O	C55H90O	0	c						
C02226	Citraconate	C5H4O4	C5H4O4	-2	c						
C02323	Saligenin	C7H8O2	C7H8O2	0	c						
C02504	2-Isopropylmalate	C7H10O5	C7H10O5	-2	c						
C16688	6-Phosphosucrose	C12H22O14P	C12H22O14P	-1	c						
C02612	D-Citramalate	C5H6O5	C5H6O5	-2	c						
C02631	2-Isopropylmaleate	C7H8O4	C7H8O4	-2	c						
C02637	3-Dehydroshikimate	C7H7O5	C7H7O5	-1	c						
C02739	Phosphoribosyl-ATP	C15H21N5O20P4	C15H21N5O20P4	-4	c						
C02741	Phosphoribosyl-AMP	C15H21N5O14P2	C15H21N5O14P2	-2	c						
C02995	maltose-6-phosphate	C12H22O14P	C12H22O14P	-1	c						
C03046	(S,S)-2,3-Butanediol	C4H10O2	C4H10O2	0	c						
C03082	4-Phospho-L-aspartate	C4H7NO7P	C4H7NO7P	-1	c						
C03090	5-Phosphoribosylamine	C5H12NO7P	C5H12NO7P	0	c						
C03150	N-Ribosylnicotinamide	C11H15N2O5	C11H15N2O5	1	c						
C03175	3-phosphoshikimate	C7H9O8P	C7H9O8P	-2	c						
C03232	3-Phosphonooxypyruvate	C3H3O7P	C3H3O7P	-2	c						
C03287	L-Glutamyl 5-phosphate	C5H9NO7P	C5H9NO7P	-1	c						
C03291	L-Xylulose 5-phosphate	C5H10O8P	C5H10O8P	-1	c						
C03319	dTDP-rhamnose	C16H24N2O15P2	C16H24N2O15P2	-2	c						
C03373	AIR	C8H14N3O7P	C8H14N3O7P	0	c						
C03406	L-Argininosuccinate	C10H17N4O6	C10H17N4O6	-1	c						
C03479	5-Formyltetrahydrofolate	C20H21N7O7	C20H21N7O7	-2	c						
C03492	4-phosphopantothenate	C9H16NO8P	C9H16NO8P	-2	c						
C03506	Indoleglycerol phosphate	C11H13NO6P	C11H13NO6P	-1	c						
C04574	Bactoprenyl diphosphate	C55H90O7P2	C55H90O7P2	-2	c						
C03785	D-Tagatose 1,6-biphosphate	C6H12O12P2	C6H12O12P2	-2	c						
C03794	Adenylosuccinate	C14H15N5O11P	C14H15N5O11P	-3	c						
C03838	GAR	C7H15N2O8P	C7H15N2O8P	0	c						
C03912	1-Pyrroline-5-carboxylate	C5H6NO2	C5H6NO2	-1	c						
C03972	tetrahydrodipicolinate	C7H7NO4	C7H7NO4	-2	c						
C04272	(R)-2,3-Dihydroxy-isovalerate	C5H9O4	C5H9O4	-1	c						
C06007	2,3-Dihydroxy-3-methylvalerate	C6H11O4	C6H11O4	-1	c						
C04133	n-acetylglutamyl-phosphate	C7H10NO8P	C7H10NO8P	-2	c						
C04144	Tetrahydropteroyltri-L-glutamate	C29H33N9O12	C29H33N9O12	-4	c						
C04181	2-Oxo-3-hydroxyisovalerate	C5H7O4	C5H7O4	-1	c						
C04236	2-isopropyl-3-oxosuccinate	C7H8O5	C7H8O5	-2	c						
C04501	N-Acetyl-D-glucosamine1-phosphate	C8H15NO9P	C8H15NO9P	-1	c						
C04302	N-5-phosphoribosyl-anthranilate	C12H14NO9P	C12H14NO9P	-2	c						
C04352	(R)-4-Phosphopantothenoyl-L-cysteine	C12H21N2O9PS	C12H21N2O9PS	-2	c						
C04376	N-Formyl-GAR	C8H14N2O9P	C8H14N2O9P	-1	c						
C04411	3-Isopropylmalate	C7H10O5	C7H10O5	-2	c						
C04421	N-Succinyl-L-2,6-diaminopimelate	C11H16N2O7	C11H16N2O7	-2	c						
C04462	N-Succinyl-L-2-amino-6-oxopimelate	C11H12NO8	C11H12NO8	-3	c						
C04489	5-Methyltetrahydropteroyltri-L-glutamate	C30H35N9O12	C30H35N9O12	-4	c						
C04534	cellobiose 6-phoshate	C12H22O14P	C12H22O14P	-1	c						
C04631	UDP-N-acetylglucosamine enolpyruvate	C20H26N3O19P2	C20H26N3O19P2	-3	c						
C04640	5-Phosphoribosylformylglycinamidine	C8H16N3O8P	C8H16N3O8P	0	c						
C04666	D-erythro-imidazol-glycerol-phosphate	C6H10N2O6P	C6H10N2O6P	-1	c						
C04677	AICAR	C9H14N4O8P	C9H14N4O8P	-1	c						
C04691	DAHP	C7H11O10P	C7H11O10P	-2	c						
C04734	FAICAR	C10H14N4O9P	C10H14N4O9P	-1	c						
C04751	5-Phosphoribosyl-4-carboxy-5-aminoimidazole	C9H13N3O9P	C9H13N3O9P	-1	c						
C04807	7,8-Dihydropterin pyrophosphate	C7H9N5O8P2	C7H9N5O8P2	-2	c						
C04823	SAICAR	C13H16N4O12P	C13H16N4O12P	-3	c						
C04874	Dihydroneopterin	C9H13N5O4	C9H13N5O4	0	c						
C04877	UDP-N-acetylmuramoyl-L-alanyl-D-gamma-glutamyl-meso-2-6-diaminopimelate	C35H51N7O26P2	C35H51N7O26P2	-4	c						
C04882	UDP-N-acetylmuramoyl-L-alanyl-D-glutamyl-6-carboxy-L-lysyl-D-alanyl- D-alanine	C41H61N9O28P2	C41H61N9O28P2	-4	c						
C04895	7,8-Dihydroneopterin 3-triphosphate	C9H13N5O13P3	C9H13N5O13P3	-3	c						
C04896	phosphoribosylformiminoaicar-phosphate	C15H23N5O15P2	C15H23N5O15P2	-2	c						
C04916	phosphoribulosylformimino-AICAR-phosphate	C15H23N5O15P2	C15H23N5O15P2	-2	c						
C05379	Oxalosuccinate	C6H3O7	C6H3O7	-3	c						
C05396	Lactose-6-phosphate	C12H22O14P	C12H22O14P	-1	c						
C05402	Melibiose	C12H22O11	C12H22O11	0	c						
C05404	Manninotriose	C18H32O16	C18H32O16	0	c						
C05512	Deoxyinosine	C10H12N4O4	C10H12N4O4	0	c						
C05897	Undecaprenyl-diphospho-N-acetylmuramoyl-L-alanyl-D-glutamyl-meso-2-6-diaminopimeloyl-D-alanyl-D-alanine	C87H139N7O23P2	C87H139N7O23P2	-4	c						
C05898	Undecaprenyl-diphospho-N-acetylmuramoyl--N-acetylglucosamine-L-ala-D-glu-meso-2-6-diaminopimeloyl-D-ala-D-ala	C95H152N8O28P2	C95H152N8O28P2	-4	c						
C05922	Formamidopyrimidine nucleoside triphosphate	C10H15N5O15P3	C10H15N5O15P3	-3	c						
C05923	2,5-Diaminopyrimidine nucleoside triphosphate	C9H15N5O14P3	C9H15N5O14P3	-3	c						
C05984	2-Hydroxybutyrate	C4H7O3	C4H7O3	-1	c						
C06032	D-erythro-3-Methylmalate	C5H6O5	C5H6O5	-2	c						
C06148	2,5-Diamino-6-(5-triphosphoryl-3,4-trihydroxy-2-oxopentyl)- amino-4-oxopyrimidine	C9H15N5O14P3	C9H15N5O14P3	-3	c						
C06156	D-Glucosamine1-phosphate	C6H14NO8P	C6H14NO8P	0	c						
C06187	Arbutin-6P	C12H16O10P	C12H16O10P	-1	c						
C06188	Salicin-6P	C13H18O10P	C13H18O10P	-1	c						
C06423	octanoate	C8H15O2	C8H15O2	-1	c						
C09332	THF-L-glutamate	C24H27N8O9	C24H27N8O9	-3	c						
C14463	(R)-3-Hydroxy-3-methyl-2-oxopentanoate	C6H9O4	C6H9O4	-1	c						
C14818	Fe2+	Fe	Fe	2	c						
C14818[e]	Fe2+	Fe	Fe	2	e						
C14899	3-keto-L-gulonate-6-phosphate	C6H9O10P	C6H9O10P	-2	c						
C00343	trdox	C6H7NO2R2S2	C6H7NO2R2S2	0	c						
C00342	trdrd	C6H9NO2R2S2	C6H9NO2R2S2	0	c						
C00641	1,2-Diacyl-sn-glycerol	C5H6O5R2	C5H6O5R2	0	c						
C05745	Butyryl-ACP	C388H609O143N96PS3	C388H609O143N96PS3	-1	c						
C05761	Myristoyl-ACP	C398H629O143N96PS3	C398H629O143N96PS3	-1	c						
C05223	Dodecanoyl-ACP	C396H625O143N96PS3	C396H625O143N96PS3	-1	c						
C05752	Octanoyl-ACP	C392H617O143N96PS3	C392H617O143N96PS3	-1	c						
C05749	Hexanoyl-ACP	C390H613O143N96PS3	C390H613O143N96PS3	-1	c						
C05755	Decanoyl-ACP	C394H621O143N96PS3	C394H621O143N96PS3	-1	c						
C05754	(2E)-Decenoyl-[acp]	C394H619O143N96PS3	C394H619O143N96PS3	-1	c						
C05764	hexadecanoyl-acp	C400H633O143N96PS3	C400H633O143N96PS3	-1	c						
C04618	(R)-3-Hydroxybutanoyl-[acyl-carrier protein]	C388H609O144N96PS3	C388H609O144N96PS3	-1	c						
C05747	D-3-Hydroxyhexanoyl-[acp]	C390H613O144N96PS3	C390H613O144N96PS3	-1	c						
C05757	D-3-Hydroxydodecanoyl-[acp]	C396H625O144N96PS3	C396H625O144N96PS3	-1	c						
C04633	R-3-hydroxypalmitoyl-acyl-carrierprotein-	C400H633O144N96PS3	C400H633O144N96PS3	-1	c						
C04619	(R)-3-Hydroxydecanoyl-[acyl-carrier protein]	C394H621O144N96PS3	C394H621O144N96PS3	-1	c						
C04620	(R)-3-Hydroxyoctanoyl-[acyl-carrier protein]	C392H617O144N96PS3	C392H617O144N96PS3	-1	c						
C04688	HMA	C398H629O144N96PS3	C398H629O144N96PS3	-1	c						
C05762	3-oxohexadecanoyl-acp	C400H631O144N96PS3	C400H631O144N96PS3	-1	c						
C05746	3-Oxohexanoyl-[acp]	C390H611O144N96PS3	C390H611O144N96PS3	-1	c						
C05753	3-oxodecanoyl-acp	C394H619O144N96PS3	C394H619O144N96PS3	-1	c						
C05744	Acetoacetyl-ACP	C388H607O144N96PS3	C388H607O144N96PS3	-1	c						
C05756	3-oxododecanoyl-acp	C396H623O144N96PS3	C396H623O144N96PS3	-1	c						
C05750	3-oxooctanoyl-acp	C392H615O144N96PS3	C392H615O144N96PS3	-1	c						
C05759	3-oxotetradecanoyl-acp	C398H627O144N96PS3	C398H627O144N96PS3	-1	c						
C01209	Malonyl-acyl-carrierprotein-	C387H604O145N96PS3	C387H604O145N96PS3	-2	c						
C00229	ACP	C384H603N96O142PS3	C384H603N96O142PS3	-1	c						
C03939	Acetyl-ACP	C386H605O143N96PS3	C386H605O143N96PS3	-1	c						
C00344	Phosphatidylglycerol	C8H12O10PR2	C8H12O10PR2	-1	c						
C00369	Starch	C12H20O10	C12H20O10	0	c						
C00372	Dextran	C12H20O10	C12H20O10	0	c						
C00615	Protein histidine	C7H8N4O2R2	C7H8N4O2R2	0	c						
C00718	Amylose	C6H10O5	C6H10O5	0	c						
C01935	Maltodextrin	C24H42O21	C24H42O21	0	c						
C01935[e]	Maltodextrin	C24H42O21	C24H42O21	0	e						
C03688	apo-ACP	C373H583N94O136S2	C373H583N94O136S2	0	c						
C04180	cis-3-Decenoyl-[acyl-carrier protein]	C394H619O143N96PS3	C394H619O143N96PS3	-1	c						
C04261	Protein N-pros-phosphohistidine	C7H7N4O5PR2	C7H7N4O5PR2	-2	c						
C06040	Diglucosyl-diacylglycerol	C17H26O15R2	C17H26O15R2	0	c						
C06041	Glycerophosphoglycoglycerolipid	C20H32O20PR2	C20H32O20PR2	-1	c						
C06364	1,2-Diacyl-3-O-(alpha-D-glucopyranosyl)-sn-glycerol	C11H16O10R2	C11H16O10R2	0	c						
C06365	Glcalpha1->2Glcalpha1->3acyl2Gro	C17H26O15R2	C17H26O15R2	0	c						
C16186	L-Ascorbate 6-phosphate	C6H7O9P	C6H7O9P	-2	c						
C06186	Ursin	C12H16O7	C12H16O7	0	c						
C06186[e]	Ursin	C12H16O7	C12H16O7	0	e						
C01355	Fructan	C6H10O5	C6H10O5	0	c						
C01355[e]	Fructan	C6H10O5	C6H10O5	0	e						
C05401	Galactosylglycerol	C9H18O8	C9H18O8	0	c						
C05401[e]	Galactosylglycerol	C9H18O8	C9H18O8	0	e						
C05400	Epimelibiose	C12H22O11	C12H22O11	0	c						
C05400[e]	Epimelibiose	C12H22O11	C12H22O11	0	e						
C05399	Melibiitol	C12H24O11	C12H24O11	0	c						
C05399[e]	Melibiitol	C12H24O11	C12H24O11	0	e						
C01235	Galactinol	C12H22O11	C12H22O11	0	c						
C01235[e]	Galactinol	C12H22O11	C12H22O11	0	e						
C00984	alpha-D-Galactose	C6H12O6	C6H12O6	0	c						
C20657	meso-2,3-Butanediol	C4H10O2	C4H10O2	0	c						
C04246	But-2-enoyl-[acyl-carrier protein]	C388H607O143N96PS3	C388H607O143N96PS3	-1	c						
C05748	(2E)-Hexenoyl-[acp]	C390H611O143N96PS3	C390H611O143N96PS3	-1	c						
C05751	(2E)-Octenoyl-[acp]	C392H615O143N96PS3	C392H615O143N96PS3	-1	c						
C05758	(2E)-Dodecenoyl-[acp]	C396H623O143N96PS3	C396H623O143N96PS3	-1	c						
C02679	ddca	C12H23O2	C12H23O2	-1	c						
C16219	3-Oxostearoyl-[acp]	C402H635O144N96PS3	C402H635O144N96PS3	-1	c						
C16220	3-Hydroxystearoyl-[acp]	C402H637O144N96PS3	C402H637O144N96PS3	-1	c						
C05760	(2E)-Tetradecenoyl-[acp]	C398H627O143N96PS3	C398H627O143N96PS3	-1	c						
C05763	(2E)-Hexadecenoyl-[acp]	C400H631O143N96PS3	C400H631O143N96PS3	-1	c						
C16221	(2E)-Octadecenoyl-[acp]	C402H635O143N96PS3	C402H635O143N96PS3	-1	c						
C04088	Stearoyl-[acyl-carrier protein]	C402H637O143N96PS3	C402H637O143N96PS3	-1	c						
C00681	1-Acyl-sn-glycerol 3-phosphate	C4H7O7PR	C4H7O7PR	-1	c						
C00416	1,2-diacyl-sn-glycerol 3-phosphate	C5H6O8PR2	C5H6O8PR2	-1	c						
C20897	Glycerophosphoglycoglycerolipid	C20H32O20PR2	C20H32O20PR2	-1	c						
C04046	Glcbeta1->3acyl2Gro	C11H16O10R2	C11H16O10R2	0	c						
C00269	CDP-diacylglycerol	C14H17N3O15P2R2	C14H17N3O15P2R2	-2	c						
C03892	Phosphatidylglycerophosphate	C8H12O13P2R2	C8H12O13P2R2	-2	c						
C05980	Cardiolipin	C13H16O17P2R4	C13H16O17P2R4	-2	c						
C15667	5-phosphoribosyl-5-carboxyaminoimidazole	C9H12N3O9P	C9H12N3O9P	-2	c						
C20258	(2S,4S)-4-Hydroxy-2,3,4,5-tetrahydrodipicolinate	C7H6NO5	C7H6NO5	-3	c						
C05896[DAP]	DAP-type peptidoglycan	C40H62N8O21	C40H62N8O21	-2	c						
C03028	Thiamin triphosphate	C12H17N4O10P3S	C12H17N4O10P3S	-2	c						
C02430	L-Methionyl-tRNA	C15H22N6O4RS	C15H22N6O4RS	1	c						
C01647	tRNA(Met)	C10H12N5O3R	C10H12N5O3R	0	c						
C03294	N-Formylmethionyl-tRNA	C16H21N6O5RS	C16H21N6O5RS	0	c						
C00721	Dextrin	C12H20O10	C12H20O10	0	c						
C06215	Levan n	C18H32O16	C18H32O16	0	c						
C00173	Acyl-ACP	C385H602N96O143PS3R	C385H602N96O143PS3R	-1	c						
C00174	Acyl	CO2R	CO2R	-1	c						
C03539	S-Ribosylhomocysteine	C9H17NO6S	C9H17NO6S	0	c						
C11838	(S)-4,5-Dihydroxypentane-2,3-dione	C5H8O4	C5H8O4	0	c						
C02876	Propanoyl phosphate	C3H6O5P	C3H6O5P	-1	c						
C00163	Propanoate	C3H5O2	C3H5O2	-1	c						
C00163[e]	Propanoate	C3H5O2	C3H5O2	-1	e						
C00038	Zinc	Zn	Zn	2	c						
C00038[e]	Zinc	Zn	Zn	2	e						
C00250	Pyridoxal	C8H9NO3	C8H9NO3	0	c						
C00250[e]	Pyridoxal	C8H9NO3	C8H9NO3	0	e						
C00018	Pyridoxal phosphate	C8H9NO6P	C8H9NO6P	-1	c						
C05892	UDP-N-acetylmuramoyl-L-alanyl-gamma-D-glutamyl-L-lysine	C34H52N7O24P2	C34H52N7O24P2	-3	c						
C04702	UDP-N-acetylmuramoyl-L-alanyl-gamma-D-glutamyl-L-lysyl-D-alanyl-D-alanine|UDP-N-acetylmuramoyl-L-alanyl-gamma-D-glutamyl-L-lysyl-D-alanyl-D- alanine|UDPMurAc(oyl-L-Ala-D-gamma-Glu-L-Lys-D-Ala-D-Ala)	C40H62N9O26P2	C40H62N9O26P2	-3	c						
C04851	MurAc(oyl-L-Ala-D-gamma-Glu-L-Lys-D-Ala-D-Ala)-diphospho- undecaprenol	C86H140N7O21P2	C86H140N7O21P2	-3	c						
C05893	Undecaprenyl-diphospho-N-acetylmuramoyl-(N-acetylglucosamine)-L-alanyl-gamma-D-glutamyl-L-lysyl-D-alanyl-D-alanine	C94H153N8O26P2	C94H153N8O26P2	-3	c						
C00886	L-Alanyl-tRNA	C13H18N6O4R	C13H18N6O4R	1	c						
C01635	tRNA(Ala)	C10H12N5O3R	C10H12N5O3R	0	c						
C17550	Undecaprenyl-diphospho-N-acetylmuramoyl-(N-acetylglucosamine)-L-alanyl-gamma-D-glutamyl-L-lysyl-(L-alanyl)-D-alanyl-D-alanine	C97H158N9O27P2	C97H158N9O27P2	-3	c						
C17549	Undecaprenyl-diphospho-N-acetylmuramoyl-(N-acetylglucosamine)-L-alanyl-gamma-D-glutamyl-L-lysyl-(L-alanyl-L-alanyl)-D-alanyl-D-alanine	C100H163N10O28P2	C100H163N10O28P2	-3	c						
C05896[LYS]	Lys-type peptidoglycan	C45H73N10O21	C45H73N10O21	-1	c						
C00149	L-Malate | (S)-Malate	C4H4O5	C4H4O5	-2	c						
C00179	Agmatine	C5H16N4	C5H16N4	2	c						
C00179[e]	Agmatine	C5H16N4	C5H16N4	2	e						
C00436	N-Carbamoylputrescine	C5H14N3O	C5H14N3O	1	c						
C00134	Putrescine	C4H14N2	C4H14N2	2	c						
C00134[e]	Putrescine	C4H14N2	C4H14N2	2	e						
C01962	Thiocysteine	C3H7NO2S2	C3H7NO2S2	0	c						
C00491	L-Cystine	C6H12N2O4S2	C6H12N2O4S2	0	c						
C00491[e]	L-Cystine	C6H12N2O4S2	C6H12N2O4S2	0	e						
C00831	Pantetheine	C11H22N2O4S	C11H22N2O4S	0	c						
C00831[e]	Pantetheine	C11H22N2O4S	C11H22N2O4S	0	e						
C04079	N-Pantothenoylcysteine	C12H21N2O6S	C12H21N2O6S	-1	c						
C04079[e]	N-Pantothenoylcysteine	C12H21N2O6S	C12H21N2O6S	-1	e						
C00568	4-Aminobenzoate	C7H6NO2	C7H6NO2	-1	c						
C00568[e]	4-Aminobenzoate	C7H6NO2	C7H6NO2	-1	e						
add00001	5,10-Methylenetetrahydrofolate-polyglutamate	C30H33N9O12	C30H33N9O12	-4	c						
C05929	10-Formyltetrahydrofolylpolyglutamate|10-Formyl-THF-polyglutamate	C30H33N9O13	C30H33N9O13	-4	c						
add00002	 5,10-methenyltetrahydrofolate polyglutamate	C30H32N9O12	C30H32N9O12	-3	c						
C06113	L-Aspartyl-tRNA(Asn)|Asp-tRNA(Asn)|Aspartyl-tRNA(Asn)	C14H16N6O6R	C14H16N6O6R	-1	c						
C03402	L-Asparaginyl-tRNA(Asn)|Asn-tRNA(Asn)|Asparaginyl-tRNA(Asn)	C14H19N7O5R	C14H19N7O5R	1	c						
C01637	tRNA(Asn)	C10H12N5O3R	C10H12N5O3R	0	c						
